Workbook

Sheet Kundendeckungsbeitrag
A1: M14 · Kundendeckungsbeitrag
A2: Vier Ertragskomponenten → DB I → DB II · GELB = Eingabe · Beispiel: Müller GmbH (überschreibbar)
A4: EINGABE
A5: Kreditvolumen | B5: 800000
A6: Kreditmarge | B6: 0.0185
A7: Einlagenvolumen | B7: 300000
A8: Einlagenmarge | B8: 0.0045
A9: Provisionsertrag (ZV, Avale, Beratung) | B9: 3200
A10: Verbundertrag (R+V, UI, SHA) | B10: 1100
A11: Risikokosten-Satz (EL % auf Kreditvol.) | B11: 0.008
A12: Betreuungsaufwand (Std./Jahr) | B12: 12
A13: Stundensatz (Vollkosten) | B13: 120
A15: BERECHNUNG
A16: Kreditzinsen (Volumen × Marge) | B16: =B5*B6
A17: Einlagenzinsen (Volumen × Marge) | B17: =B7*B8
A18: Zinsüberschuss | B18: =B16+B17
A19: Bruttoertrag (Zins + Provision + Verbund) | B19: =B18+B9+B10
A20: ./. Risikokosten (EL % × Kreditvolumen) | B20: =B11*B5
A21: =DECKUNGSBEITRAG I | B21: =B19-B20 | C21: DB I = Bruttoertrag − Risikokosten
A22: ./. Betriebskosten (Std. × Satz) | B22: =B12*B13
A23: =DECKUNGSBEITRAG II | B23: =B21-B22 | C23: DB II = DB I − Betreuungskosten
A24: Kundenrendite (DB II / Kreditvolumen) | B24: =B23/B5

Sheet EL & Optimierung
A1: M14 · Expected Loss & Optimierung
A2: Risikokosten-Herleitung, NMZ-Check und drei Optimierungshebel · GELB = Eingabe
A4: EXPECTED LOSS (EL = PD × LGD × EAD)
A5: PD – Ausfallwahrscheinlichkeit | B5: 0.016
A6: LGD – Verlustquote bei Ausfall | B6: 0.5
A7: EAD – Exposure at Default | B7: 800000
A8: Expected Loss (PD × LGD × EAD) | B8: =B5*B6*B7
A9: EL-Satz (EL / EAD) | B9: =IF(B7=0,0,B8/B7)
A10: Kreditmarge (aus Blatt 1) | B10: ='Kundendeckungsbeitrag'!B6
A11: Risiko-Nettomarge (Marge − EL-Satz) | B11: =B10-B9
A13: NMZ-CHECK
A14: Nettomargenziel (NMZ, hausindividuell) | B14: 0.01
A15: Kundenrendite (aus Blatt 1) | B15: ='Kundendeckungsbeitrag'!B24
A16: Bewertung | B16: =IF(B15>=B14,"tragfähig – über NMZ","unter NMZ – Konditionsanpassung erforderlich")
A18: OPTIMIERUNGSSZENARIEN (Wirkung auf DB II)
A19: Szenario | B19: Stellhebel (Eingabe) | C19: Neuer DB II | D19: Δ vs. Basis
A20: Basis (aktuell) | B20: – | C20: ='Kundendeckungsbeitrag'!B23 | D20: =C20-$C$20
A21: 1 · Konditionsanpassung | B21: 0.0015 | C21: ='Kundendeckungsbeitrag'!B23+'Kundendeckungsbeitrag'!B5*B21 | D21: =C21-$C$20
A22: 2 · Cross-Selling | B22: 2000 | C22: ='Kundendeckungsbeitrag'!B23+B22 | D22: =C22-$C$20
A23: 3 · Kostensenkung (Betreuung) | B23: 4 | C23: ='Kundendeckungsbeitrag'!B23+B23*'Kundendeckungsbeitrag'!B13 | D23: =C23-$C$20
A25: Ertragsstärkster Hebel | B25: =IF(AND(D21>=D22,D21>=D23),"Konditionsanpassung",IF(AND(D22>=D21,D22>=D23),"Cross-Selling","Kostensenkung"))&" (+"&TEXT(MAX(D21,D22,D23),"#,##0")&" EUR DB II)"
